season,team,team_name,rbwr_pct,run_block_rank,run_block_tier,source_url,source_date,updated_at
2025,BUF,Buffalo Bills,75,1,Elite,https://www.espn.com/nfl/story/_/id/46138675/2025-nfl-win-rates-top-teams-players-rankings-pass-run-block,2026-01-06,2026-08-12
2025,LAR,Los Angeles Rams,74,2,Elite,https://www.espn.com/nfl/story/_/id/46138675/2025-nfl-win-rates-top-teams-players-rankings-pass-run-block,2026-01-06,2026-08-12
2025,MIN,Minnesota Vikings,74,3,Elite,https://www.espn.com/nfl/story/_/id/46138675/2025-nfl-win-rates-top-teams-players-rankings-pass-run-block,2026-01-06,2026-08-12
2025,DEN,Denver Broncos,74,4,Elite,https://www.espn.com/nfl/story/_/id/46138675/2025-nfl-win-rates-top-teams-players-rankings-pass-run-block,2026-01-06,2026-08-12
2025,CHI,Chicago Bears,74,5,Elite,https://www.espn.com/nfl/story/_/id/46138675/2025-nfl-win-rates-top-teams-players-rankings-pass-run-block,2026-01-06,2026-08-12
2025,JAX,Jacksonville Jaguars,73,6,Strong,https://www.espn.com/nfl/story/_/id/46138675/2025-nfl-win-rates-top-teams-players-rankings-pass-run-block,2026-01-06,2026-08-12
2025,IND,Indianapolis Colts,73,7,Strong,https://www.espn.com/nfl/story/_/id/46138675/2025-nfl-win-rates-top-teams-players-rankings-pass-run-block,2026-01-06,2026-08-12
2025,SEA,Seattle Seahawks,73,8,Strong,https://www.espn.com/nfl/story/_/id/46138675/2025-nfl-win-rates-top-teams-players-rankings-pass-run-block,2026-01-06,2026-08-12
2025,PIT,Pittsburgh Steelers,72,9,Strong,https://www.espn.com/nfl/story/_/id/46138675/2025-nfl-win-rates-top-teams-players-rankings-pass-run-block,2026-01-06,2026-08-12
2025,CIN,Cincinnati Bengals,72,10,Strong,https://www.espn.com/nfl/story/_/id/46138675/2025-nfl-win-rates-top-teams-players-rankings-pass-run-block,2026-01-06,2026-08-12
2025,DAL,Dallas Cowboys,72,11,Average,https://www.espn.com/nfl/story/_/id/46138675/2025-nfl-win-rates-top-teams-players-rankings-pass-run-block,2026-01-06,2026-08-12
2025,NE,New England Patriots,72,12,Average,https://www.espn.com/nfl/story/_/id/46138675/2025-nfl-win-rates-top-teams-players-rankings-pass-run-block,2026-01-06,2026-08-12
2025,SF,San Francisco 49ers,72,13,Average,https://www.espn.com/nfl/story/_/id/46138675/2025-nfl-win-rates-top-teams-players-rankings-pass-run-block,2026-01-06,2026-08-12
2025,NYJ,New York Jets,71,14,Average,https://www.espn.com/nfl/story/_/id/46138675/2025-nfl-win-rates-top-teams-players-rankings-pass-run-block,2026-01-06,2026-08-12
2025,ARI,Arizona Cardinals,71,15,Average,https://www.espn.com/nfl/story/_/id/46138675/2025-nfl-win-rates-top-teams-players-rankings-pass-run-block,2026-01-06,2026-08-12
2025,PHI,Philadelphia Eagles,71,16,Average,https://www.espn.com/nfl/story/_/id/46138675/2025-nfl-win-rates-top-teams-players-rankings-pass-run-block,2026-01-06,2026-08-12
2025,BAL,Baltimore Ravens,71,17,Average,https://www.espn.com/nfl/story/_/id/46138675/2025-nfl-win-rates-top-teams-players-rankings-pass-run-block,2026-01-06,2026-08-12
2025,NYG,New York Giants,71,18,Average,https://www.espn.com/nfl/story/_/id/46138675/2025-nfl-win-rates-top-teams-players-rankings-pass-run-block,2026-01-06,2026-08-12
2025,GB,Green Bay Packers,71,19,Average,https://www.espn.com/nfl/story/_/id/46138675/2025-nfl-win-rates-top-teams-players-rankings-pass-run-block,2026-01-06,2026-08-12
2025,DET,Detroit Lions,71,20,Average,https://www.espn.com/nfl/story/_/id/46138675/2025-nfl-win-rates-top-teams-players-rankings-pass-run-block,2026-01-06,2026-08-12
2025,WAS,Washington Commanders,70,21,Average,https://www.espn.com/nfl/story/_/id/46138675/2025-nfl-win-rates-top-teams-players-rankings-pass-run-block,2026-01-06,2026-08-12
2025,LV,Las Vegas Raiders,70,22,Average,https://www.espn.com/nfl/story/_/id/46138675/2025-nfl-win-rates-top-teams-players-rankings-pass-run-block,2026-01-06,2026-08-12
2025,NO,New Orleans Saints,70,23,Weak,https://www.espn.com/nfl/story/_/id/46138675/2025-nfl-win-rates-top-teams-players-rankings-pass-run-block,2026-01-06,2026-08-12
2025,CLE,Cleveland Browns,70,24,Weak,https://www.espn.com/nfl/story/_/id/46138675/2025-nfl-win-rates-top-teams-players-rankings-pass-run-block,2026-01-06,2026-08-12
2025,KC,Kansas City Chiefs,70,25,Weak,https://www.espn.com/nfl/story/_/id/46138675/2025-nfl-win-rates-top-teams-players-rankings-pass-run-block,2026-01-06,2026-08-12
2025,TEN,Tennessee Titans,70,26,Weak,https://www.espn.com/nfl/story/_/id/46138675/2025-nfl-win-rates-top-teams-players-rankings-pass-run-block,2026-01-06,2026-08-12
2025,TB,Tampa Bay Buccaneers,70,27,Weak,https://www.espn.com/nfl/story/_/id/46138675/2025-nfl-win-rates-top-teams-players-rankings-pass-run-block,2026-01-06,2026-08-12
2025,CAR,Carolina Panthers,70,28,Poor,https://www.espn.com/nfl/story/_/id/46138675/2025-nfl-win-rates-top-teams-players-rankings-pass-run-block,2026-01-06,2026-08-12
2025,MIA,Miami Dolphins,70,29,Poor,https://www.espn.com/nfl/story/_/id/46138675/2025-nfl-win-rates-top-teams-players-rankings-pass-run-block,2026-01-06,2026-08-12
2025,ATL,Atlanta Falcons,70,30,Poor,https://www.espn.com/nfl/story/_/id/46138675/2025-nfl-win-rates-top-teams-players-rankings-pass-run-block,2026-01-06,2026-08-12
2025,LAC,Los Angeles Chargers,69,31,Poor,https://www.espn.com/nfl/story/_/id/46138675/2025-nfl-win-rates-top-teams-players-rankings-pass-run-block,2026-01-06,2026-08-12
2025,HOU,Houston Texans,68,32,Poor,https://www.espn.com/nfl/story/_/id/46138675/2025-nfl-win-rates-top-teams-players-rankings-pass-run-block,2026-01-06,2026-08-12
