season,team_id,team_name,games,pass_att,completions,pass_yards,pass_td,interceptions,rush_att,rush_yards,rush_td,yards_per_reception,td_per_reception,qb_rush,rb_rush,other_rush,model_version
2026,CFF_BC,Boston College,12.0,407.1326,257.888,3088.2989,22.6002,9.8701,408.2416,1625.8688,19.2487,11.9754,0.0876,103.7529,292.0395,12.4492,v1.0
2026,CFF_CAL,California,12.0,424.9931,271.9228,3074.7818,18.7735,8.9216,387.8191,1419.7301,18.6581,11.3076,0.069,82.9286,284.4805,20.41,v1.0
2026,CFF_CLEM,Clemson,12.0,434.7663,277.314,3237.8074,24.0907,8.8358,388.7327,1731.3124,19.0441,11.6756,0.0869,104.1031,257.2047,27.4249,v1.0
2026,CFF_DUKE,Duke,12.0,426.9381,264.1518,3219.379,23.0577,9.7011,382.4079,1542.8773,18.4172,12.1876,0.0873,55.7468,312.0733,14.5878,v1.0
2026,CFF_FSU,Florida State,12.0,348.0834,203.4173,2518.7162,15.2863,8.6008,462.544,1998.4353,21.2633,12.382,0.0751,107.8204,331.7987,22.9249,v1.0
2026,CFF_GT,Georgia Tech,12.0,368.2455,240.2231,2833.3183,17.8859,7.992,432.3057,2145.2584,23.6429,11.7945,0.0745,137.9757,266.9513,27.3787,v1.0
2026,CFF_LOU,Louisville,12.0,386.5342,246.1005,2918.6991,20.4672,8.4431,391.2163,1996.0589,21.576,11.8598,0.0832,77.1686,269.212,44.8357,v1.0
2026,CFF_MIA,Miami,12.0,391.1673,261.4259,3139.7988,24.7836,7.8751,416.6874,1949.9063,22.2436,12.0103,0.0948,66.8506,325.6808,24.156,v1.0
2026,CFF_UNC,North Carolina,12.0,359.6135,225.5572,2605.152,17.5026,8.1643,379.5259,1568.832,17.248,11.5499,0.0776,93.9621,274.0513,11.5125,v1.0
2026,CFF_NCSU,NC State,12.0,375.1918,248.4928,2893.3854,21.5262,9.8121,392.5898,1765.7657,20.7861,11.6437,0.0866,117.7986,259.9251,14.866,v1.0
2026,CFF_PITT,Pitt,12.0,430.4181,268.6282,3196.7937,24.6036,12.2149,397.317,1583.2932,17.9075,11.9004,0.0916,113.6391,267.4054,16.2725,v1.0
2026,CFF_SMU,SMU,12.0,407.3924,265.3342,3253.3331,23.1618,10.7744,396.135,1744.9072,20.9042,12.2613,0.0873,79.5113,268.4902,48.1335,v1.0
2026,CFF_STAN,Stanford,12.0,380.2278,234.6709,2693.7185,18.6428,11.4232,407.9194,1369.2374,15.1771,11.4787,0.0794,115.1331,276.2824,16.5038,v1.0
2026,CFF_SYR,Syracuse,12.0,438.5172,268.0524,3181.5066,22.225,11.9843,416.7339,1577.2753,19.2241,11.869,0.0829,102.3832,286.9412,27.4096,v1.0
2026,CFF_UVA,Virginia,12.0,411.5553,266.0858,2979.2055,18.8382,11.3818,453.2293,1958.2585,21.1161,11.1964,0.0708,98.4111,332.4785,22.3397,v1.0
2026,CFF_VT,Virginia Tech,12.0,335.8984,212.9517,2449.6056,16.7862,8.3522,436.0911,2053.3195,20.4136,11.5031,0.0788,92.5973,324.3356,19.1582,v1.0
2026,CFF_WAKE,Wake Forest,12.0,381.4475,239.7571,2740.3235,17.8008,9.4376,422.9801,1797.2317,20.2397,11.4296,0.0742,110.0532,290.5852,22.3416,v1.0
2026,CFF_ILL,Illinois,12.0,341.7167,221.0813,2687.7746,18.5792,6.7263,419.557,1738.0745,20.2067,12.1574,0.084,84.4682,230.2552,104.8336,v1.0
2026,CFF_IND,Indiana,12.0,318.505,211.2181,2644.9004,23.051,7.6382,470.3228,2241.4524,26.0984,12.5221,0.1091,77.4647,376.8906,15.9675,v1.0
2026,CFF_IOWA,Iowa,12.0,267.9671,169.4788,1897.5971,12.9296,7.0966,460.2142,2154.4065,24.3527,11.1967,0.0763,106.2908,333.2337,20.6897,v1.0
2026,CFF_MD,Maryland,12.0,479.8645,288.876,3175.7859,21.4182,11.0979,331.6633,1347.2885,13.7713,10.9936,0.0741,74.5808,246.4521,10.6305,v1.0
2026,CFF_MICH,Michigan,12.0,327.6333,198.8783,2225.8171,13.8241,9.7544,442.8561,2183.2196,22.6017,11.1919,0.0695,85.9669,338.5263,18.3629,v1.0
2026,CFF_MSU,Michigan State,12.0,371.1,233.0842,2720.2118,18.5558,9.0471,398.797,1602.9486,17.288,11.6705,0.0796,107.1687,270.413,21.2153,v1.0
2026,CFF_MINN,Minnesota,12.0,371.732,236.9698,2477.4593,18.6661,7.4671,359.3116,1380.0393,16.5126,10.4547,0.0788,46.6517,298.2653,14.3945,v1.0
2026,CFF_NEB,Nebraska,12.0,363.8027,241.6837,2701.0998,18.5657,8.4908,411.8713,1749.6043,19.8976,11.1762,0.0768,80.0667,301.6391,30.1655,v1.0
2026,CFF_NW,Northwestern,12.0,362.2569,213.0908,2314.3051,15.582,10.3976,398.9709,1716.6173,16.7735,10.8607,0.0731,71.5297,288.3631,39.0781,v1.0
2026,CFF_OSU,Ohio State,12.0,349.7907,255.4714,3179.0282,24.5042,7.8011,404.028,1884.4824,21.4341,12.4438,0.0959,59.3721,326.9205,17.7354,v1.0
2026,CFF_ORE,Oregon,12.0,362.8254,257.0906,3108.0868,22.7977,7.8578,434.0852,2143.8979,23.8817,12.0895,0.0887,71.1196,341.9093,21.0564,v1.0
2026,CFF_PSU,Penn State,12.0,336.1684,213.3528,2569.2587,17.9354,8.15,436.2019,2079.6317,23.3326,12.0423,0.0841,91.0136,321.92,23.2683,v1.0
2026,CFF_PUR,Purdue,12.0,381.5628,226.3416,2526.6494,16.8551,10.6045,373.2149,1564.4946,15.119,11.163,0.0745,110.141,252.9562,10.1178,v1.0
2026,CFF_RUTG,Rutgers,12.0,374.1347,235.5542,2775.4626,18.7989,7.8096,462.6123,1838.2375,22.0721,11.7827,0.0798,79.0949,376.1989,7.3185,v1.0
2026,CFF_UCLA,UCLA,12.0,372.637,237.7401,2497.0956,17.37,8.7019,381.96,1574.0142,13.2544,10.5035,0.0731,108.1957,261.1775,12.5868,v1.0
2026,CFF_USC,USC,12.0,411.3483,267.9333,3389.8795,23.4772,10.2805,379.326,1939.0964,21.3416,12.652,0.0876,59.1416,305.3886,14.7959,v1.0
2026,CFF_WASH,Washington,12.0,355.3111,243.5782,2937.5607,21.3591,7.974,415.4706,1853.9493,20.7449,12.06,0.0877,128.774,275.1614,11.5352,v1.0
2026,CFF_WISC,Wisconsin,12.0,303.6632,181.958,2043.8861,13.4833,9.7443,421.8145,1645.5667,17.4657,11.2327,0.0741,93.327,288.4441,40.0434,v1.0
2026,CFF_ARIZ,Arizona,12.0,415.5028,259.3714,3028.3627,23.116,9.6593,399.2246,1693.4058,17.7859,11.6758,0.0891,100.58,279.5354,19.1092,v1.0
2026,CFF_ASU,Arizona State,12.0,376.8487,238.2565,2810.3246,20.2599,9.9861,463.1502,2210.0576,21.7821,11.7954,0.085,105.6917,337.7552,19.7033,v1.0
2026,CFF_BAY,Baylor,12.0,461.9642,282.6002,3500.9367,28.0753,11.1367,422.5671,1850.2788,18.8216,12.3883,0.0993,65.5606,349.2166,7.79,v1.0
2026,CFF_BYU,BYU,12.0,349.0801,217.6706,2689.5299,16.3697,8.5637,440.417,2059.3204,23.1536,12.356,0.0752,121.712,277.0826,41.6224,v1.0
2026,CFF_CIN,Cincinnati,12.0,353.5993,224.282,2663.9961,19.7162,7.5318,388.5782,1982.1041,18.9977,11.8779,0.0879,109.4208,263.3389,15.8184,v1.0
2026,CFF_COLO,Colorado,12.0,380.3049,241.4142,2857.7106,21.4919,9.7735,393.5691,1447.8402,17.9193,11.8374,0.089,122.4932,223.1361,47.9397,v1.0
2026,CFF_HOU,Houston,12.0,333.1797,214.1569,2413.3833,18.4761,10.8141,475.5481,1999.0319,18.554,11.2692,0.0863,167.3277,289.7843,18.4361,v1.0
2026,CFF_ISU,Iowa State,12.0,366.8721,223.426,2515.2271,15.3556,9.099,449.2108,1979.389,22.2855,11.2575,0.0687,85.8525,345.508,17.8503,v1.0
2026,CFF_KU,Kansas,12.0,337.7827,217.1022,2393.7977,18.4258,7.8735,432.145,2100.3869,21.7068,11.0261,0.0849,111.8414,302.2057,18.0979,v1.0
2026,CFF_KSU,Kansas State,12.0,354.2972,213.1505,2527.7662,19.6967,8.3108,408.9001,2186.2836,20.9365,11.8591,0.0924,118.6729,273.9069,16.3203,v1.0
2026,CFF_OKST,Oklahoma State,12.0,384.0579,245.0112,3044.5698,20.2043,9.8553,398.7393,1588.0847,17.7879,12.4262,0.0825,67.8166,299.1821,31.7406,v1.0
2026,CFF_TCU,TCU,12.0,425.7071,276.5526,3345.8089,24.2954,10.959,392.1975,1585.1495,20.3182,12.0983,0.0879,79.5219,284.5067,28.1689,v1.0
2026,CFF_TTU,Texas Tech,12.0,430.9843,276.8519,3289.0253,25.3083,9.7183,456.0519,2115.9726,23.7293,11.8801,0.0914,92.9673,315.2288,47.8559,v1.0
2026,CFF_UCF,UCF,12.0,377.4885,229.0343,2805.3235,19.2155,9.9063,421.5389,2081.2512,21.9497,12.2485,0.0839,104.0796,279.31,38.1493,v1.0
2026,CFF_UTAH,Utah,12.0,358.4251,220.4901,2625.7591,22.0696,9.0439,463.3257,2439.8744,22.9355,11.9087,0.1001,145.0067,290.9368,27.3822,v1.0
2026,CFF_WVU,West Virginia,12.0,336.0888,205.2595,2443.9357,15.7062,10.0387,501.5156,2152.1388,24.1882,11.9066,0.0765,173.9268,289.2849,38.3039,v1.0
2026,CFF_ALA,Alabama,12.0,390.584,250.5054,3053.465,21.0879,8.9299,396.2809,1566.6321,21.8494,12.1892,0.0842,104.8287,261.4804,29.9718,v1.0
2026,CFF_ARK,Arkansas,12.0,378.2196,236.7522,2991.6168,19.4445,9.3961,418.4389,2092.6713,23.2946,12.6361,0.0821,123.006,278.6439,16.7889,v1.0
2026,CFF_AUB,Auburn,12.0,367.0888,234.7867,3006.4353,22.0917,8.4813,430.2586,2019.693,19.8677,12.805,0.0941,135.2184,272.8781,22.1621,v1.0
2026,CFF_FLA,Florida,12.0,360.8304,225.6327,2626.1144,18.5084,11.6881,404.3744,1774.1756,17.6477,11.6389,0.082,83.6301,306.3741,14.3702,v1.0
2026,CFF_UGA,Georgia,12.0,380.613,254.4317,2844.9926,21.5936,8.3667,452.2291,1971.9665,23.5258,11.1818,0.0849,101.1772,324.2943,26.7576,v1.0
2026,CFF_UK,Kentucky,12.0,357.3539,218.9833,2584.9268,17.8501,11.8795,428.7433,1772.266,18.5519,11.8042,0.0815,109.3329,298.1461,21.2643,v1.0
2026,CFF_LSU,LSU,12.0,412.2952,259.7292,2974.6737,20.4079,8.2151,369.5479,1437.7991,15.045,11.453,0.0786,67.755,278.1932,23.5997,v1.0
2026,CFF_MISS,Ole Miss,12.0,398.437,259.9657,3586.1411,22.1506,7.8162,444.6062,2042.0552,25.1745,13.7947,0.0852,117.9263,294.3556,32.3243,v1.0
2026,CFF_MSST,Mississippi State,12.0,363.9325,221.3464,2681.3317,18.5021,9.7484,475.0952,1887.5711,23.418,12.1137,0.0836,92.8849,365.2489,16.9614,v1.0
2026,CFF_MIZ,Missouri,12.0,347.1113,219.2255,2483.3655,16.0408,8.2957,493.9629,2428.5994,25.3808,11.3279,0.0732,106.9259,369.7137,17.3233,v1.0
2026,CFF_OU,Oklahoma,12.0,382.1802,237.133,2655.6358,17.4938,8.8617,420.8628,1591.8365,18.342,11.1989,0.0738,159.7098,243.5675,17.5855,v1.0
2026,CFF_SC,South Carolina,12.0,339.2466,212.1699,2703.3084,16.5938,8.9603,432.4349,1665.9716,19.4903,12.7412,0.0782,157.5064,251.3797,23.5489,v1.0
2026,CFF_TENN,Tennessee,12.0,385.9449,248.2865,3012.3467,21.3469,8.901,470.0365,2215.0059,26.567,12.1325,0.086,100.3264,355.4786,14.2316,v1.0
2026,CFF_TEX,Texas,12.0,390.77,245.3,3060.5847,24.577,8.6232,404.2456,1762.5873,18.7773,12.4769,0.1002,84.5379,303.2702,16.4374,v1.0
2026,CFF_TAMU,Texas A&M,12.0,365.2263,222.5723,2903.8989,20.9763,10.6453,459.3705,2187.5508,23.6512,13.047,0.0942,109.5622,315.4588,34.3494,v1.0
2026,CFF_VAN,Vanderbilt,12.0,346.8289,222.6177,2744.4155,21.1464,7.4093,391.5526,1930.7215,22.1114,12.3279,0.095,134.3198,227.4872,29.7455,v1.0
2026,CFF_ND,Notre Dame,12.0,329.7483,219.7628,2774.4772,20.8578,6.9749,419.2797,2207.065,26.6705,12.6249,0.0949,73.2077,333.6205,12.4515,v1.0
